sceMpeg,fun,01977054,sceMpegGetUserdataAu,matching
sceMpeg,fun,0558B075,sceMpegAvcCopyYCbCr,matching
sceMpeg,fun,0E3C2E9D,sceMpegAvcDecode,matching
sceMpeg,fun,0F6C18D7,sceMpegAvcDecodeDetail,matching
sceMpeg,fun,11F95CF1,sceMpegGetAvcNalAu,matching
sceMpeg,fun,13407F13,sceMpegRingbufferDestruct,matching
sceMpeg,fun,167AFD9E,sceMpegInitAu,matching
sceMpeg,fun,211A057C,sceMpegAvcQueryYCbCrSize,matching
sceMpeg,fun,21FF80E4,sceMpegQueryStreamOffset,matching
sceMpeg,fun,234586AE,sceMpegChangeGetAvcAuMode,matching
sceMpeg,fun,31BD0272,sceMpegAvcCsc,matching
sceMpeg,fun,37295ED8,sceMpegRingbufferConstruct,matching
sceMpeg,fun,3C37A7A6,sceMpegNextAvcRpAu,matching
sceMpeg,fun,42560F23,sceMpegRegistStream,matching
sceMpeg,fun,42C679F6,sceMpeg_42C679F6,
sceMpeg,fun,4571CC64,sceMpegAvcDecodeFlush,matching
sceMpeg,fun,500F0429,sceMpegFlushStream,matching
sceMpeg,fun,591A4AA2,sceMpegUnRegistStream,matching
sceMpeg,fun,606A4649,sceMpegDelete,matching
sceMpeg,fun,611E9E11,sceMpegQueryStreamSize,matching
sceMpeg,fun,63B9536A,sceMpegAvcResourceGetAvcDecTopAddr,matching
sceMpeg,fun,67179B1B,sceMpegAvcInitYCbCr,matching
sceMpeg,fun,682A619B,sceMpegInit,matching
sceMpeg,fun,707B7629,sceMpegFlushAllStream,matching
sceMpeg,fun,740FCCD1,sceMpegAvcDecodeStop,matching
sceMpeg,fun,75E21135,sceMpeg_75E21135,
sceMpeg,fun,769BEBB6,sceMpegRingbufferQueryPackNum,matching
sceMpeg,fun,800C44DF,sceMpegAtracDecode,matching
sceMpeg,fun,8160A2FE,sceMpegAvcResourceFinish,matching
sceMpeg,fun,874624D6,sceMpegFinish,matching
sceMpeg,fun,8C1E027D,sceMpegGetPcmAu,matching
sceMpeg,fun,921FCCCF,sceMpegGetAvcEsAu,matching
sceMpeg,fun,9DCFB7EA,sceMpegChangeGetAuMode,matching
sceMpeg,fun,A11C7026,sceMpegAvcDecodeMode,matching
sceMpeg,fun,A780CF7E,sceMpegMallocAvcEsBuf,matching
sceMpeg,fun,AB0E9556,sceMpegAvcDecodeDetailIndex,matching
sceMpeg,fun,AF26BB01,sceMpegAvcResourceGetAvcEsBuf,matching
sceMpeg,fun,B240A59E,sceMpegRingbufferPut,matching
sceMpeg,fun,B5F6DC87,sceMpegRingbufferAvailableSize,matching
sceMpeg,fun,C02CF6B5,sceMpegQueryPcmEsSize,matching
sceMpeg,fun,C132E22F,sceMpegQueryMemSize,matching
sceMpeg,fun,C45C99CC,sceMpegQueryUserdataEsSize,matching
sceMpeg,fun,CEB870B1,sceMpegFreeAvcEsBuf,matching
sceMpeg,fun,D7A29F46,sceMpegRingbufferQueryMemSize,matching
sceMpeg,fun,D8C5F121,sceMpegCreate,matching
sceMpeg,fun,E1CE83A7,sceMpegGetAtracAu,matching
sceMpeg,fun,F0EB1125,sceMpegAvcDecodeYCbCr,matching
sceMpeg,fun,F2930C9C,sceMpegAvcDecodeStopYCbCr,matching
sceMpeg,fun,F5E7EA31,sceMpegAvcConvertToYuv420,matching
sceMpeg,fun,F8DCB679,sceMpegQueryAtracEsSize,matching
sceMpeg,fun,FCBDB5AD,sceMpegAvcResourceInit,matching
sceMpeg,fun,FE246728,sceMpegGetAvcAu,matching
sceMpeg,fun,11CAB459,sceMpeg_11CAB459,
sceMpeg,fun,5AC68A41,sceMpeg_5AC68A41,
sceMpeg,fun,6F314410,sceMpegAvcDecodeGetDecodeSEI,matching
sceMpeg,fun,988E9E12,sceMpeg_988E9E12,
sceMpeg,fun,AE693D0B,sceMpeg_AE693D0B,
sceMpeg,fun,B27711A8,sceMpeg_B27711A8,
sceMpeg,fun,C2F02CDD,sceMpeg_C2F02CDD,
sceMpeg,fun,C345DED2,sceMpeg_C345DED2,
sceMpeg,fun,CF3547A2,sceMpegAvcDecodeDetail2,matching
sceMpeg,fun,D1CE4950,sceMpegAvcCscMode,matching
sceMpeg,fun,D4DD6E75,sceMpeg_D4DD6E75,
sceMpeg,fun,DBB60658,sceMpegFlushAu,matching
sceMpeg,fun,E49EB257,sceMpeg_E49EB257,
sceMpeg,fun,E95838F6,sceMpegAvcCscInfo,matching
