sceNp,fun,2D8E93D2,sceNp_2D8E93D2,
sceNp,fun,60A4791A,sceNp_60A4791A,
sceNp,fun,6CBB0614,sceNp_6CBB0614,
sceNp,fun,9A264EF2,sceNp_9A264EF2,
sceNp,fun,CF83CC3B,sceNp_CF83CC3B,
sceNp,fun,E24DA399,sceNp_E24DA399,
sceNp,fun,029A55FB,sceNp_029A55FB,
sceNp,fun,0A02DF46,sceNp_0A02DF46,
sceNp,fun,1227E455,sceNp_1227E455,
sceNp,fun,16B8697C,sceNp_16B8697C,
sceNp,fun,1A70F819,sceNp_1A70F819,
sceNp,fun,2016224D,sceNp_2016224D,
sceNp,fun,20EC7964,sceNp_20EC7964,
sceNp,fun,26D79F76,sceNp_26D79F76,
sceNp,fun,35FF5918,sceNp_35FF5918,
sceNp,fun,3C69FC6A,sceNp_3C69FC6A,
sceNp,fun,3E9BF819,sceNp_3E9BF819,
sceNp,fun,3EA98556,sceNp_3EA98556,
sceNp,fun,48C73F14,sceNp_48C73F14,
sceNp,fun,4B205326,sceNp_4B205326,
sceNp,fun,62150F5A,sceNp_62150F5A,
sceNp,fun,66E9BD6F,sceNp_66E9BD6F,
sceNp,fun,6DED4963,sceNp_6DED4963,
sceNp,fun,76D44C15,sceNp_76D44C15,
sceNp,fun,7A42CF3B,sceNp_7A42CF3B,
sceNp,fun,7D96320D,sceNp_7D96320D,
sceNp,fun,7F197DF6,sceNp_7F197DF6,
sceNp,fun,8A1A73CC,sceNp_8A1A73CC,
sceNp,fun,8BD530E1,sceNp_8BD530E1,
sceNp,fun,9BB18907,sceNp_9BB18907,
sceNp,fun,A8BEBA34,sceNp_A8BEBA34,
sceNp,fun,AB052108,sceNp_AB052108,
sceNp,fun,B2B37957,sceNp_B2B37957,
sceNp,fun,C2B322B5,sceNp_C2B322B5,
sceNp,fun,CB296358,sceNp_CB296358,
sceNp,fun,D2ED28C1,sceNp_D2ED28C1,
sceNp,fun,D369614E,sceNp_D369614E,
sceNp,fun,D3C4B400,sceNp_D3C4B400,
sceNp,fun,DAADA3CF,sceNp_DAADA3CF,
sceNp,fun,E011FB33,sceNp_E011FB33,
sceNp,fun,E3EA7603,sceNp_E3EA7603,
sceNp,fun,EF97741B,sceNp_EF97741B,
sceNp,fun,F0B6EC49,sceNp_F0B6EC49,
sceNp,fun,F2FE669B,sceNp_F2FE669B,
sceNp,fun,F456C0D7,sceNp_F456C0D7,
sceNp,fun,F5FF2061,sceNp_F5FF2061,
sceNp,fun,F8CD56BE,sceNp_F8CD56BE,
