mcore,fun,48C0D599,mcore_48C0D599,
mcore,fun,4D094AD7,mcore_4D094AD7,
mcore,fun,56CA3080,mcore_56CA3080,
mcore,fun,6264E827,mcore_6264E827,
mcore,fun,6DCEA43E,mcore_6DCEA43E,
mcore,fun,A8C9C10A,mcore_A8C9C10A,
mcore,fun,B17B2B4E,mcore_B17B2B4E,
mcore,fun,EA2E7E4D,mcore_EA2E7E4D,
mcore,fun,FA30975D,mcore_FA30975D,
mcore,fun,007E775B,mcore_007E775B,
mcore,fun,09856510,mcore_09856510,
mcore,fun,0AABB133,mcore_0AABB133,
mcore,fun,0FA873D0,mcore_0FA873D0,
mcore,fun,10CF537A,mcore_10CF537A,
mcore,fun,14690FE4,mcore_14690FE4,
mcore,fun,1517D595,mcore_1517D595,
mcore,fun,1729DDA3,mcore_1729DDA3,
mcore,fun,1D404F00,mcore_1D404F00,
mcore,fun,2DC5F666,mcore_2DC5F666,
mcore,fun,30F11760,mcore_30F11760,
mcore,fun,31074E7E,nsnp_InitTrack,matching
mcore,fun,33DD981D,mcore_33DD981D,
mcore,fun,37E42FC3,mcore_37E42FC3,
mcore,fun,39AC3533,mcore_39AC3533,
mcore,fun,3CD74B63,mcore_3CD74B63,
mcore,fun,477D7893,mcore_477D7893,
mcore,fun,48ABA61F,nsnp_CheckHMAC,matching
mcore,fun,4C7E6ACB,mcore_4C7E6ACB,
mcore,fun,4DB94BF8,mcore_4DB94BF8,
mcore,fun,4DE1A338,mcore_4DE1A338,
mcore,fun,507F65D3,mcore_507F65D3,
mcore,fun,50B3B0D8,mcore_50B3B0D8,
mcore,fun,55B3BB44,mcore_55B3BB44,
mcore,fun,56E4052B,mcore_56E4052B,
mcore,fun,5A781B3C,nsnp_FinTrack,matching
mcore,fun,5AA44F1F,mcore_5AA44F1F,
mcore,fun,5D0A4728,mcore_5D0A4728,
mcore,fun,5FB587C1,nsnp_SetLicense,matching
mcore,fun,63D8831E,mcore_63D8831E,
mcore,fun,6403D272,mcore_6403D272,
mcore,fun,68220BB2,mcore_68220BB2,
mcore,fun,688594DA,mcore_688594DA,
mcore,fun,71451E8B,mcore_71451E8B,
mcore,fun,763B13C1,nsnp_FinSession,matching
mcore,fun,78128CA6,mcore_78128CA6,
mcore,fun,7BD7E46E,mcore_7BD7E46E,
mcore,fun,7DAEDE8B,mcore_7DAEDE8B,
mcore,fun,7DAF4494,mcore_7DAF4494,
mcore,fun,7FC23158,mcore_7FC23158,
mcore,fun,81F67CE7,mcore_81F67CE7,
mcore,fun,82E15837,mcore_82E15837,
mcore,fun,83F771E2,mcore_83F771E2,
mcore,fun,85B81DDB,mcore_85B81DDB,
mcore,fun,861C85B0,mcore_861C85B0,
mcore,fun,967A82BB,nsnp_ActionPerform,matching
mcore,fun,9CA6D2EB,nsnp_ActionCheck,matching
mcore,fun,9D5B634B,mcore_9D5B634B,
mcore,fun,9FF2046D,mcore_9FF2046D,
mcore,fun,A4621C24,mcore_A4621C24,
mcore,fun,A492DC21,mcore_A492DC21,
mcore,fun,A5D19CE4,nsnp_Decrypt,matching
mcore,fun,AB3FA2FA,nsnp_FreeESB,matching
mcore,fun,B1F4CC81,mcore_B1F4CC81,
mcore,fun,B894F49D,mcore_B894F49D,
mcore,fun,BD28BC98,nsnp_Init,matching
mcore,fun,BDAA1375,mcore_BDAA1375,
mcore,fun,C9FAAE01,nsnp_ActionDescribe,matching
mcore,fun,CBFC56DD,mcore_CBFC56DD,
mcore,fun,CC04D6D4,mcore_CC04D6D4,
mcore,fun,D2A96414,mcore_D2A96414,
mcore,fun,D613759D,mcore_D613759D,
mcore,fun,D8F7B241,nsnp_Fin,matching
mcore,fun,DB9578C6,nsnp_InitSession,matching
mcore,fun,E8A74DD2,mcore_E8A74DD2,
mcore,fun,EC5ADF4E,mcore_EC5ADF4E,
mcore,fun,FD2A87B3,mcore_FD2A87B3,
mcore,fun,FFF74FB7,nsnp_FreeString,matching
mcore,fun,18856F12,mcore_18856F12,
mcore,fun,19DF4F01,mcore_19DF4F01,
mcore,fun,24235D28,mcore_24235D28,
mcore,fun,2ED54742,mcore_2ED54742,
mcore,fun,3E58851A,mcore_3E58851A,
mcore,fun,4C52632D,mcore_4C52632D,
mcore,fun,58A1F240,mcore_58A1F240,
mcore,fun,5F02BB10,nsnp_Callback,matching
mcore,fun,67EE0D90,mcore_67EE0D90,
mcore,fun,717A8B60,mcore_717A8B60,
mcore,fun,8FEC5017,mcore_8FEC5017,
mcore,fun,9B37AF6B,mcore_9B37AF6B,
mcore,fun,B74B86DF,mcore_B74B86DF,
mcore,fun,D82C5C79,mcore_D82C5C79,
mcore,fun,06ED55D7,mcore_06ED55D7,
mcore,fun,3EE726BA,mcore_3EE726BA,
mcore,fun,51A772F5,mcore_51A772F5,
mcore,fun,54EFC4B2,mcore_54EFC4B2,
mcore,fun,CD53053C,mcore_CD53053C,
mcore,fun,D4B4EEC2,mcore_D4B4EEC2,
syslib,fun,D632ACDB,module_start,matching
syslib,fun,CEE8593C,module_stop,matching
syslib,var,F01D73A7,module_info,matching
syslib,var,11B97506,module_sdk_version,matching
