mp4msv,fun,032F3500,mp4msv_032F3500,
mp4msv,fun,07C60A23,smf_ApPs_GetBrand,matching
mp4msv,fun,089364A9,smf_ApPl_SchSyncSampleNo,matching
mp4msv,fun,08F96BE2,smf_ApPs_GetDataRefLocStrLen,matching
mp4msv,fun,0C06DACB,smf_ApPs_GetTrackHndl,matching
mp4msv,fun,0C0843B0,smf_ApPl_GetSampleNoByTime,matching
mp4msv,fun,0D32271B,smf_ApPs_GetFileProfileInfo,matching
mp4msv,fun,0D6843EA,mp4msv_0D6843EA,
mp4msv,fun,0DF0B9AD,smf_ApPs_GetAudioProfileInfo,matching
mp4msv,fun,162503F3,smf_ApPs_GetSampleSize,matching
mp4msv,fun,182FF541,smf_ApPs_GetMovieDuration,matching
mp4msv,fun,190E442D,smf_ApPs_GetGraphSampleDes,matching
mp4msv,fun,21BD7274,smf_ApPl_GetMediaTimeBySampleNo,matching
mp4msv,fun,21BE7D96,mp4msv_21BE7D96,
mp4msv,fun,27412E93,mp4msv_27412E93,
mp4msv,fun,287B3FDA,smf_ApPs_GetTrackPresentationType,matching
mp4msv,fun,2A296DDA,mp4msv_2A296DDA,
mp4msv,fun,2A2D949A,mp4msv_2A2D949A,
mp4msv,fun,2B1B8D23,smf_ApPs_GetAVCSeqParamSetSize,matching
mp4msv,fun,2BAF7C25,smf_ApPs_GetVideoSampleDes2,matching
mp4msv,fun,2BFE233D,smf_ApPs_GetDecoderSpecificInfo,matching
mp4msv,fun,3149D53B,smf_ApPs_ReadFileProperty2,matching
mp4msv,fun,32AB9DCB,mp4msv_32AB9DCB,
mp4msv,fun,35144B9C,smf_ApPs_GetAVCDecoderConfigInfo,matching
mp4msv,fun,3C2183C7,mp4msv_3C2183C7,
mp4msv,fun,3D57BA52,smf_ApPs_GetTrackNum,matching
mp4msv,fun,3D8D41A0,smf_ApCm_SetFileDescriptor,matching
mp4msv,fun,3F6B6C59,smf_ApPs_GetMediaType,matching
mp4msv,fun,4154992A,mp4msv_4154992A,
mp4msv,fun,46186C26,smf_ApPl_InitPlayStatus,matching
mp4msv,fun,4A7AD789,mp4msv_4A7AD789,
mp4msv,fun,4C677A7E,mp4msv_4C677A7E,
mp4msv,fun,5087548E,mp4msv_5087548E,
mp4msv,fun,509B3BAC,mp4msv_509B3BAC,
mp4msv,fun,54410730,mp4msv_54410730,
mp4msv,fun,5565A318,mp4msv_5565A318,
mp4msv,fun,576C693B,mp4msv_576C693B,
mp4msv,fun,5EE48079,smf_ApPs_GetSampleNum,matching
mp4msv,fun,63752099,mp4msv_63752099,
mp4msv,fun,65C17387,smf_ApPs_GetMpeg4ESDesInfo,matching
mp4msv,fun,67AF9E0F,smf_ApPs_ReadMovieRes_M,matching
mp4msv,fun,68FBFBE1,mp4msv_68FBFBE1,
mp4msv,fun,6AE9B944,mp4msv_6AE9B944,
mp4msv,fun,6B94A29D,smf_ApPs_GetTransformationMatrix,matching
mp4msv,fun,6D619263,smf_ApPs_GetSampleDesHndl,matching
mp4msv,fun,886CFC3D,mp4msv_886CFC3D,
mp4msv,fun,888C1115,smf_ApPs_GetODHndl,matching
mp4msv,fun,8A0FD93F,mp4msv_8A0FD93F,
mp4msv,fun,8C998600,mp4msv_8C998600,
mp4msv,fun,8D564A92,mp4msv_8D564A92,
mp4msv,fun,8FD8E0A4,mp4msv_8FD8E0A4,
mp4msv,fun,9076AA02,mp4msv_9076AA02,
mp4msv,fun,9501780A,mp4msv_9501780A,
mp4msv,fun,9632797F,smf_ApPs_GetMetaData,matching
mp4msv,fun,9878A6B3,mp4msv_9878A6B3,
mp4msv,fun,98ADC323,mp4msv_98ADC323,
mp4msv,fun,9A8B21D2,mp4msv_9A8B21D2,
mp4msv,fun,9BB5E338,smf_ApPs_GetMediaTimeScale,matching
mp4msv,fun,9CA13D1A,mp4msv_9CA13D1A,
mp4msv,fun,9D56A7CC,smf_ApCm_DeleteMovie,matching
mp4msv,fun,A09878FC,mp4msv_A09878FC,
mp4msv,fun,A2AE6F30,mp4msv_A2AE6F30,
mp4msv,fun,A418509D,smf_ApPs_GetSoundSampleDes2,matching
mp4msv,fun,A41C1F5F,mp4msv_A41C1F5F,
mp4msv,fun,A55AF94C,smf_ApPs_GetTrackInfo2,matching
mp4msv,fun,A824645B,smf_ApCm_ChangeTimeScale,matching
mp4msv,fun,A9FD62E2,mp4msv_A9FD62E2,
mp4msv,fun,AADD18E7,smf_ApPs_GetIPMPSystemData,matching
mp4msv,fun,AD3AF34E,smf_ApPs_GetVideoProfileInfo,matching
mp4msv,fun,B919743C,mp4msv_B919743C,
mp4msv,fun,BD23D34A,smf_ApPl_IsCompatibleBrand,matching
mp4msv,fun,BE203EA3,smf_ApPs_ReadMovieRes2,matching
mp4msv,fun,BE558D75,mp4msv_BE558D75,
mp4msv,fun,C38F9765,mp4msv_C38F9765,
mp4msv,fun,C9D3D397,mp4msv_C9D3D397,
mp4msv,fun,CD733822,smf_ApPs_GetIPMPDesInfo,matching
mp4msv,fun,CE9C6D39,mp4msv_CE9C6D39,
mp4msv,fun,CFF25FAC,smf_ApPs_ReadFileProperty,matching
mp4msv,fun,D070C0AA,smf_ApPs_GetODNum,matching
mp4msv,fun,D3505C12,mp4msv_D3505C12,
mp4msv,fun,D5936DBD,mp4msv_D5936DBD,
mp4msv,fun,D8BA6AFE,mp4msv_D8BA6AFE,
mp4msv,fun,DEBFCBCA,mp4msv_DEBFCBCA,
mp4msv,fun,E042AB3C,smf_ApPs_GetMovieTimeScale,matching
mp4msv,fun,E4AFDAD3,mp4msv_E4AFDAD3,
mp4msv,fun,E5C33D61,smf_ApPl_GetSampleInfo_M,matching
mp4msv,fun,E641D779,smf_ApPs_GetAVCSeqParamSet,matching
mp4msv,fun,E8DE0EB8,smf_ApPs_GetODInfo,matching
mp4msv,fun,EE62F96D,mp4msv_EE62F96D,
mp4msv,fun,EF6D76BC,mp4msv_EF6D76BC,
mp4msv,fun,F50268BF,mp4msv_F50268BF,
mp4msv,fun,F595F917,smf_ApCm_NewMovie,matching
mp4msv,fun,FF9E6F58,smf_ApPs_GetMediaDuration,matching
mp4msv,fun,59E095A7,mp4msv_59E095A7,
mp4msv,fun,78DFBED0,mp4msv_78DFBED0,
mp4msv,fun,7F5C38F0,mp4msv_7F5C38F0,
mp4msv,fun,8C0F8F5D,mp4msv_8C0F8F5D,
mp4msv,fun,E6746F34,mp4msv_E6746F34,
