onesegSal,fun,00850EAA,onesegSal_00850EAA,
onesegSal,fun,020B3CC6,onesegSal_020B3CC6,
onesegSal,fun,044AD228,onesegSal_044AD228,
onesegSal,fun,071A2745,onesegSal_071A2745,
onesegSal,fun,0886DCE2,onesegSal_0886DCE2,
onesegSal,fun,099DBC39,onesegSal_099DBC39,
onesegSal,fun,0B245371,onesegSal_0B245371,
onesegSal,fun,0F83A1AA,onesegSal_0F83A1AA,
onesegSal,fun,12F99955,onesegSal_12F99955,
onesegSal,fun,193C4D2D,onesegSal_193C4D2D,
onesegSal,fun,1CBA0FB5,onesegSal_1CBA0FB5,
onesegSal,fun,1EFAB50D,onesegSal_1EFAB50D,
onesegSal,fun,204B2E20,onesegSal_204B2E20,
onesegSal,fun,265926E7,onesegSal_265926E7,
onesegSal,fun,2BBD4965,onesegSal_2BBD4965,
onesegSal,fun,2C02F25C,onesegSal_2C02F25C,
onesegSal,fun,2D9F26C3,onesegSal_2D9F26C3,
onesegSal,fun,363E72DD,onesegSal_363E72DD,
onesegSal,fun,382ED18D,onesegSal_382ED18D,
onesegSal,fun,39AF4F3B,onesegSal_39AF4F3B,
onesegSal,fun,3B70E875,onesegSal_3B70E875,
onesegSal,fun,3F2ADE66,onesegSal_3F2ADE66,
onesegSal,fun,433AC527,onesegSal_433AC527,
onesegSal,fun,456203B0,onesegSal_456203B0,
onesegSal,fun,467D32C3,onesegSal_467D32C3,
onesegSal,fun,480152F3,onesegSal_480152F3,
onesegSal,fun,4F5AD890,onesegSal_4F5AD890,
onesegSal,fun,51C6A1FC,onesegSal_51C6A1FC,
onesegSal,fun,533835A6,onesegSal_533835A6,
onesegSal,fun,53594A93,onesegSal_53594A93,
onesegSal,fun,5565FE42,onesegSal_5565FE42,
onesegSal,fun,5ADD182F,onesegSal_5ADD182F,
onesegSal,fun,5E078A14,onesegSal_5E078A14,
onesegSal,fun,5FC83C98,onesegSal_5FC83C98,
onesegSal,fun,6086187E,onesegSal_6086187E,
onesegSal,fun,653384D2,onesegSal_653384D2,
onesegSal,fun,662F12BE,onesegSal_662F12BE,
onesegSal,fun,6763AD27,onesegSal_6763AD27,
onesegSal,fun,68ABC9F3,onesegSal_68ABC9F3,
onesegSal,fun,69D4A9F4,onesegSal_69D4A9F4,
onesegSal,fun,6DE40255,onesegSal_6DE40255,
onesegSal,fun,6DEC6268,onesegSal_6DEC6268,
onesegSal,fun,705467B2,onesegSal_705467B2,
onesegSal,fun,71AED199,onesegSal_71AED199,
onesegSal,fun,71C6AB48,onesegSal_71C6AB48,
onesegSal,fun,74AF7C06,onesegSal_74AF7C06,
onesegSal,fun,75B5A56F,onesegSal_75B5A56F,
onesegSal,fun,78B02C08,onesegSal_78B02C08,
onesegSal,fun,8041F4E5,onesegSal_8041F4E5,
onesegSal,fun,811EE965,onesegSal_811EE965,
onesegSal,fun,81F24DCE,onesegSal_81F24DCE,
onesegSal,fun,8359CCC6,onesegSal_8359CCC6,
onesegSal,fun,86E4543F,onesegSal_86E4543F,
onesegSal,fun,8A14C632,onesegSal_8A14C632,
onesegSal,fun,8A6C2E69,onesegSal_8A6C2E69,
onesegSal,fun,8B2F9A5B,onesegSal_8B2F9A5B,
onesegSal,fun,8CCAB2F2,onesegSal_8CCAB2F2,
onesegSal,fun,8FE81670,onesegSal_8FE81670,
onesegSal,fun,950E5178,onesegSal_950E5178,
onesegSal,fun,96C4D784,onesegSal_96C4D784,
onesegSal,fun,96FB091A,onesegSal_96FB091A,
onesegSal,fun,9CBB0F5D,onesegSal_9CBB0F5D,
onesegSal,fun,A0CD6F36,onesegSal_A0CD6F36,
onesegSal,fun,A128FEA4,onesegSal_A128FEA4,
onesegSal,fun,A2D01B96,onesegSal_A2D01B96,
onesegSal,fun,A74C56C6,onesegSal_A74C56C6,
onesegSal,fun,AA6EEB53,onesegSal_AA6EEB53,
onesegSal,fun,AE1D9913,onesegSal_AE1D9913,
onesegSal,fun,AE582306,onesegSal_AE582306,
onesegSal,fun,AF5AEB95,onesegSal_AF5AEB95,
onesegSal,fun,AF716E3C,onesegSal_AF716E3C,
onesegSal,fun,B46CEECD,onesegSal_B46CEECD,
onesegSal,fun,BABF0A73,onesegSal_BABF0A73,
onesegSal,fun,BF12FF51,onesegSal_BF12FF51,
onesegSal,fun,BF64A204,onesegSal_BF64A204,
onesegSal,fun,C26B29AD,onesegSal_C26B29AD,
onesegSal,fun,D9233560,onesegSal_D9233560,
onesegSal,fun,DA889508,onesegSal_DA889508,
onesegSal,fun,DB69838E,onesegSal_DB69838E,
onesegSal,fun,E04B919D,onesegSal_E04B919D,
onesegSal,fun,E14ABEAA,onesegSal_E14ABEAA,
onesegSal,fun,E37427BE,onesegSal_E37427BE,
onesegSal,fun,E549E5A9,onesegSal_E549E5A9,
onesegSal,fun,E64CF915,onesegSal_E64CF915,
onesegSal,fun,E8789A19,onesegSal_E8789A19,
onesegSal,fun,F07118E8,onesegSal_F07118E8,
onesegSal,fun,F2DADC23,onesegSal_F2DADC23,
onesegSal,fun,F3FC8473,onesegSal_F3FC8473,
onesegSal,fun,F674C269,onesegSal_F674C269,
onesegSal,fun,F957C2A8,onesegSal_F957C2A8,
onesegSal,fun,FB5FE576,onesegSal_FB5FE576,
onesegSal,fun,FD5C67A2,onesegSal_FD5C67A2,
onesegSal,fun,FDB25338,atexit,matching
onesegSal,fun,FDC7AC2A,onesegSal_FDC7AC2A,
onesegSal,fun,FE99103B,onesegSal_FE99103B,
syslib,fun,D632ACDB,module_start,matching
syslib,fun,CEE8593C,module_stop,matching
syslib,var,F01D73A7,module_info,matching
syslib,var,11B97506,module_sdk_version,matching
